"ID","Description","GeneRatio","BgRatio","RichFactor","FoldEnrichment","zScore","pvalue","p.adjust","qvalue","geneID","Count"
"GO:0071674","mononuclear cell migration","13/135","235/18860",0.0553191489361702,7.72828999211978,8.8126352077992,1.43066407675113e-08,9.97535606085691e-06,8.46035244681592e-06,"CCL19/CCL5/CORO1C/CSF1/CXCL12/GPR15/ITGAL/ITGB7/JAML/PIK3CG/SAA1/SERPINE1/SLAMF1",13
"GO:0030198","extracellular matrix organization","15/135","331/18860",0.0453172205438066,6.33098355152736,8.30827092591722,1.5485315941977e-08,9.97535606085691e-06,8.46035244681592e-06,"ABI3BP/COL14A1/COL1A1/COL3A1/COL6A5/CRISPLD2/CTSK/DPT/FAP/FLRT2/LAMA2/LUM/OLFML2B/SFRP2/TGFBR3",15
"GO:0043062","extracellular structure organization","15/135","332/18860",0.0451807228915663,6.31191432396252,8.29127144923354,1.61205252833442e-08,9.97535606085691e-06,8.46035244681592e-06,"ABI3BP/COL14A1/COL1A1/COL3A1/COL6A5/CRISPLD2/CTSK/DPT/FAP/FLRT2/LAMA2/LUM/OLFML2B/SFRP2/TGFBR3",15
"GO:0045229","external encapsulating structure organization","15/135","333/18860",0.045045045045045,6.29295962629296,8.27434164093077,1.67794046439982e-08,9.97535606085691e-06,8.46035244681592e-06,"ABI3BP/COL14A1/COL1A1/COL3A1/COL6A5/CRISPLD2/CTSK/DPT/FAP/FLRT2/LAMA2/LUM/OLFML2B/SFRP2/TGFBR3",15
"GO:0050900","leukocyte migration","15/135","397/18860",0.0377833753148615,5.27847746991324,7.31557840480316,1.67835590555285e-07,7.98226068680933e-05,6.76995771587211e-05,"CCL19/CCL5/CORO1C/CSF1/CXCL12/GPR15/ITGAL/ITGB7/JAML/PIK3CG/SAA1/SERPINE1/SLAMF1/THY1/VCAM1",15
"GO:0007160","cell-matrix adhesion","12/135","246/18860",0.0487804878048781,6.81481481481481,7.79469072945703,2.080305842352e-07,8.24494548852177e-05,6.99274735780076e-05,"CD96/COL3A1/CORO1C/CSF1/FAM107A/ITGAE/ITGAL/ITGB7/PARVG/SERPINE1/THY1/VCAM1",12
"GO:0031589","cell-substrate adhesion","14/135","369/18860",0.037940379403794,5.30041152263374,7.08366969025397,4.22395095142261e-07,0.000143493648035471,0.000121700601848507,"ABI3BP/CD96/COL1A1/COL3A1/CORO1C/CSF1/FAM107A/ITGAE/ITGAL/ITGB7/PARVG/SERPINE1/THY1/VCAM1",14
"GO:0045123","cellular extravasation","7/135","74/18860",0.0945945945945946,13.2152152152152,8.93953903781874,9.94131255021166e-07,0.000295505515555042,0.000250625721660599,"CXCL12/ITGAL/ITGB7/JAML/PIK3CG/THY1/VCAM1",7
"GO:0006935","chemotaxis","15/135","474/18860",0.0316455696202532,4.42100328176278,6.40492922426963,1.57283261942584e-06,0.000393988138765627,0.000334151331890993,"CCL19/CCL5/CORO1C/CSF1/CXCL12/FLRT2/FPR3/JAML/PIK3CG/PRKCQ/ROBO2/SAA1/SERPINE1/SLAMF1/VCAM1",15
"GO:0042330","taxis","15/135","476/18860",0.0315126050420168,4.40242763772175,6.38392343164877,1.65680462054511e-06,0.000393988138765627,0.000334151331890993,"CCL19/CCL5/CORO1C/CSF1/CXCL12/FLRT2/FPR3/JAML/PIK3CG/PRKCQ/ROBO2/SAA1/SERPINE1/SLAMF1/VCAM1",15
"GO:0032943","mononuclear cell proliferation","12/135","319/18860",0.0376175548589342,5.25531173807036,6.50841814626554,3.2198067813626e-06,0.000696063684189114,0.000590349262496722,"CCL19/CCL5/CD79A/CSF1/CTLA4/HLA-DPB1/INPP5D/MZB1/PIK3CG/PRKCQ/SLAMF1/VCAM1",12
"GO:0060326","cell chemotaxis","12/135","330/18860",0.0363636363636364,5.08013468013468,6.34905457873453,4.55663618802523e-06,0.000902973404593666,0.000765834643531258,"CCL19/CCL5/CORO1C/CSF1/CXCL12/JAML/PIK3CG/PRKCQ/SAA1/SERPINE1/SLAMF1/VCAM1",12
"GO:0030595","leukocyte chemotaxis","10/135","237/18860",0.0421940928270042,5.89467104235037,6.43855132527764,8.11158372471917e-06,0.0013778104355273,0.00116855597117007,"CCL19/CCL5/CORO1C/CSF1/CXCL12/JAML/PIK3CG/SAA1/SERPINE1/SLAMF1",10
"GO:0097529","myeloid leukocyte migration","10/135","237/18860",0.0421940928270042,5.89467104235037,6.43855132527764,8.11158372471917e-06,0.0013778104355273,0.00116855597117007,"CCL19/CCL5/CORO1C/CSF1/CXCL12/JAML/PIK3CG/SAA1/SERPINE1/SLAMF1",10
"GO:0070661","leukocyte proliferation","12/135","356/18860",0.0337078651685393,4.70911360799001,5.99898292972795,9.81702832434288e-06,0.00155632622368582,0.00131995973820638,"CCL19/CCL5/CD79A/CSF1/CTLA4/HLA-DPB1/INPP5D/MZB1/PIK3CG/PRKCQ/SLAMF1/VCAM1",12
"GO:0030199","collagen fibril organization","6/135","71/18860",0.0845070422535211,11.8059467918623,7.74560716831715,1.17641486572079e-05,0.00174844659417752,0.00148290189652699,"COL14A1/COL1A1/COL3A1/DPT/LUM/SFRP2",6
"GO:0048246","macrophage chemotaxis","5/135","44/18860",0.113636363636364,15.8754208754209,8.38778422172987,1.51398456507096e-05,0.00185379412871174,0.00157224981214275,"CCL5/CORO1C/CSF1/SAA1/SLAMF1",5
"GO:0002274","myeloid leukocyte activation","10/135","255/18860",0.0392156862745098,5.47857661583152,6.1137906373934,1.53400465449111e-05,0.00185379412871174,0.00157224981214275,"CCL5/CD2/CSF1/FCER1A/IL1RL1/IRF4/LCP2/PIK3CG/SLAMF1/UBD",10
"GO:0046651","lymphocyte proliferation","11/135","312/18860",0.0352564102564103,4.92545109211776,5.93654310429223,1.54326416295149e-05,0.00185379412871174,0.00157224981214275,"CCL19/CCL5/CD79A/CTLA4/HLA-DPB1/INPP5D/MZB1/PIK3CG/PRKCQ/SLAMF1/VCAM1",11
"GO:0007159","leukocyte cell-cell adhesion","13/135","439/18860",0.0296127562642369,4.13701172698895,5.64686106312721,1.64462872803991e-05,0.00185379412871174,0.00157224981214275,"CCL19/CCL5/CTLA4/CXCL12/HLA-DPB1/IL2RG/ITGAL/ITGB7/PRKCQ/SLAMF1/THY1/VCAM1/ZBTB16",13
"GO:0032944","regulation of mononuclear cell proliferation","10/135","258/18860",0.0387596899224806,5.41487223657766,6.06266364259308,1.69697317801964e-05,0.00185379412871174,0.00157224981214275,"CCL19/CCL5/CSF1/CTLA4/HLA-DPB1/INPP5D/MZB1/PRKCQ/SLAMF1/VCAM1",10
"GO:0033627","cell adhesion mediated by integrin","6/135","76/18860",0.0789473684210526,11.0292397660819,7.43868334338864,1.74399676172969e-05,0.00185379412871174,0.00157224981214275,"CCL5/ITGB7/PIK3CG/SERPINE1/SFRP2/VCAM1",6
"GO:0072676","lymphocyte migration","7/135","114/18860",0.0614035087719298,8.57829759584146,6.89104484886756,1.79298843399369e-05,0.00185379412871174,0.00157224981214275,"CCL5/CXCL12/GPR15/ITGAL/ITGB7/PIK3CG/SAA1",7
"GO:0002696","positive regulation of leukocyte activation","12/135","381/18860",0.031496062992126,4.40011665208516,5.69288451159999,1.92894734668211e-05,0.00191126532933752,0.00162099259484338,"CCL19/CCL5/CD2/HLA-DPB1/IL1RL1/IL2RG/INPP5D/PRKCQ/SLAMF1/THY1/VCAM1/ZBTB16",12
"GO:0007229","integrin-mediated signaling pathway","7/135","117/18860",0.0598290598290598,8.35834124723014,6.7790463642874,2.12304296566631e-05,0.00191899565242016,0.00162754887788811,"COL3A1/ITGAE/ITGAL/ITGB7/LAMA2/SERPINE1/THY1",7
"GO:0002768","immune response-regulating cell surface receptor signaling pathway","12/135","385/18860",0.0311688311688312,4.35440115440115,5.64635840086144,2.13809221798784e-05,0.00191899565242016,0.00162754887788811,"CD3D/CD79A/CTLA4/FCER1A/FPR3/HLA-DPB1/IGKC/INPP5D/KLRC2/LCP2/PRKCQ/THY1",12
"GO:0072678","T cell migration","6/135","79/18860",0.0759493670886076,10.6104078762307,7.26793961930099,2.17884283495981e-05,0.00191899565242016,0.00162754887788811,"CCL5/CXCL12/GPR15/ITGAL/ITGB7/PIK3CG",6
"GO:0071621","granulocyte chemotaxis","7/135","121/18860",0.0578512396694215,8.08203244566881,6.63579090672762,2.63962578914765e-05,0.00224179647378326,0.0019013244406041,"CCL19/CCL5/CSF1/JAML/PIK3CG/SAA1/SLAMF1",7
"GO:0050867","positive regulation of cell activation","12/135","401/18860",0.029925187032419,4.18065946245497,5.46638953824942,3.18550596670079e-05,0.00261211489269465,0.00221540088283075,"CCL19/CCL5/CD2/HLA-DPB1/IL1RL1/IL2RG/INPP5D/PRKCQ/SLAMF1/THY1/VCAM1/ZBTB16",12
"GO:0002407","dendritic cell chemotaxis","4/135","26/18860",0.153846153846154,21.4928774928775,8.87837809763938,3.32148830332927e-05,0.00262738371754443,0.00222835076039801,"CCL19/CCL5/PIK3CG/SLAMF1",4
"GO:0050863","regulation of T cell activation","12/135","404/18860",0.0297029702970297,4.14961496149615,5.43368750102047,3.42510072514203e-05,0.00262738371754443,0.00222835076039801,"CCL19/CCL5/CD2/CTLA4/HLA-DPB1/IL2RG/IRF4/PRKCQ/SLAMF1/THY1/VCAM1/ZBTB16",12
"GO:0070663","regulation of leukocyte proliferation","10/135","284/18860",0.0352112676056338,4.91914449660929,5.65053599888457,3.85171101225259e-05,0.00286230274598021,0.00242759154588025,"CCL19/CCL5/CSF1/CTLA4/HLA-DPB1/INPP5D/MZB1/PRKCQ/SLAMF1/VCAM1",10
"GO:0002690","positive regulation of leukocyte chemotaxis","6/135","97/18860",0.0618556701030928,8.64146620847652,6.40658697006498,6.97275726091529e-05,0.00502461114135047,0.00426150013139193,"CCL19/CCL5/CSF1/CXCL12/SERPINE1/SLAMF1",6
"GO:0001773","myeloid dendritic cell activation","4/135","32/18860",0.125,17.462962962963,7.91400274939081,7.72781877845318e-05,0.00540492736916519,0.00458405596889049,"CD2/IRF4/SLAMF1/UBD",4
"GO:1903706","regulation of hemopoiesis","12/135","443/18860",0.0270880361173815,3.78429897165789,5.03527955618798,8.29353554961226e-05,0.00563486501056513,0.00477907191370138,"CCL19/CD2/CORO1C/CSF1/CTLA4/GLUL/IL2RG/INPP5D/IRF4/TMEM176A/TSC22D1/ZBTB16",12
"GO:0036336","dendritic cell migration","4/135","33/18860",0.121212121212121,16.9337822671156,7.77858475734141,8.74511445028499e-05,0.00564835576162397,0.0047905137617952,"CCL19/CCL5/PIK3CG/SLAMF1",4
"GO:1905517","macrophage migration","5/135","63/18860",0.0793650793650794,11.08759553204,6.80971546642806,8.7884425222913e-05,0.00564835576162397,0.0047905137617952,"CCL5/CORO1C/CSF1/SAA1/SLAMF1",5
"GO:0050670","regulation of lymphocyte proliferation","9/135","254/18860",0.0354330708661417,4.9501312335958,5.38167138715379,9.04885650789509e-05,0.00566267915151961,0.00480266179200194,"CCL19/CCL5/CTLA4/HLA-DPB1/INPP5D/MZB1/PRKCQ/SLAMF1/VCAM1",9
"GO:0097530","granulocyte migration","7/135","148/18860",0.0472972972972973,6.60760760760761,5.8151868112341,9.5217829539037e-05,0.00580584611907256,0.00492408532784872,"CCL19/CCL5/CSF1/JAML/PIK3CG/SAA1/SLAMF1",7
"GO:0043113","receptor clustering","5/135","66/18860",0.0757575757575758,10.5836139169473,6.6222712766879,0.000109841080394181,0.00652562761995617,0.00553455027215972,"ETV5/ITGAL/ITGB7/MUSK/THY1",5
"GO:0002687","positive regulation of leukocyte migration","7/135","152/18860",0.0460526315789474,6.43372319688109,5.71111526740595,0.000112510821033727,0.00652562761995617,0.00553455027215972,"CCL19/CCL5/CSF1/CXCL12/SERPINE1/SLAMF1/THY1",7
"GO:0042102","positive regulation of T cell proliferation","6/135","108/18860",0.0555555555555556,7.76131687242798,5.9832158642235,0.000126631571181672,0.00702831242885034,0.00596089000649695,"CCL19/CCL5/HLA-DPB1/PRKCQ/SLAMF1/VCAM1",6
"GO:0032946","positive regulation of mononuclear cell proliferation","7/135","155/18860",0.0451612903225806,6.30919952210275,5.6354855528961,0.000127088912716806,0.00702831242885034,0.00596089000649695,"CCL19/CCL5/CSF1/HLA-DPB1/PRKCQ/SLAMF1/VCAM1",7
"GO:0050870","positive regulation of T cell activation","9/135","267/18860",0.0337078651685393,4.70911360799001,5.18282247118988,0.000132093177536461,0.00713903582231145,0.00605479732439854,"CCL19/CCL5/HLA-DPB1/IL2RG/PRKCQ/SLAMF1/THY1/VCAM1/ZBTB16",9
"GO:1903037","regulation of leukocyte cell-cell adhesion","11/135","401/18860",0.027431421446384,3.83227117391706,4.86763757558493,0.00014825242556016,0.00783431706626801,0.00664448297949161,"CCL19/CCL5/CTLA4/CXCL12/HLA-DPB1/IL2RG/PRKCQ/SLAMF1/THY1/VCAM1/ZBTB16",11
"GO:0050851","antigen receptor-mediated signaling pathway","8/135","215/18860",0.0372093023255814,5.19827734711456,5.25683641998403,0.000160655514074665,0.00830519157542508,0.00704384359192354,"CD3D/CD79A/CTLA4/HLA-DPB1/IGKC/INPP5D/LCP2/THY1",8
"GO:0051216","cartilage development","8/135","216/18860",0.037037037037037,5.17421124828532,5.23898377924646,0.000165843282598515,0.00839096438338871,0.00711658968552644,"COL1A1/COL3A1/CTSK/LUM/PRRX1/SFRP2/SLC26A2/ZBTB16",8
"GO:1902105","regulation of leukocyte differentiation","10/135","343/18860",0.0291545189504373,4.07299427707591,4.87684327983369,0.000183260507501583,0.00907903097580759,0.00770015641168932,"CCL19/CD2/CORO1C/CSF1/CTLA4/IL2RG/INPP5D/IRF4/TMEM176A/ZBTB16",10
"GO:0051251","positive regulation of lymphocyte activation","10/135","346/18860",0.0289017341040462,4.0376792977949,4.8422269715871,0.000196582616051451,0.00954027471368061,0.00809134892276218,"CCL19/CCL5/HLA-DPB1/IL2RG/INPP5D/PRKCQ/SLAMF1/THY1/VCAM1/ZBTB16",10
"GO:0042098","T cell proliferation","8/135","224/18860",0.0357142857142857,4.98941798941799,5.10002730526857,0.000212524397075422,0.0101076603249071,0.00857256304834755,"CCL19/CCL5/CTLA4/HLA-DPB1/PIK3CG/PRKCQ/SLAMF1/VCAM1",8
"GO:0002429","immune response-activating cell surface receptor signaling pathway","10/135","353/18860",0.028328611898017,3.95761200293778,4.76294801671534,0.000230868560113901,0.0107648124696246,0.00912991044743517,"CD3D/CD79A/CTLA4/FPR3/HLA-DPB1/IGKC/INPP5D/KLRC2/LCP2/THY1",10
"GO:1903039","positive regulation of leukocyte cell-cell adhesion","9/135","289/18860",0.0311418685121107,4.35063437139562,4.87386636184463,0.000238570733581526,0.0109100231626321,0.0092530673186681,"CCL19/CCL5/HLA-DPB1/IL2RG/PRKCQ/SLAMF1/THY1/VCAM1/ZBTB16",9
"GO:0070665","positive regulation of leukocyte proliferation","7/135","173/18860",0.0404624277456647,5.65275101691287,5.22009459184801,0.000250172403821292,0.0112247165337176,0.0095199667472015,"CCL19/CCL5/CSF1/HLA-DPB1/PRKCQ/SLAMF1/VCAM1",7
"GO:0002688","regulation of leukocyte chemotaxis","6/135","126/18860",0.0476190476190476,6.65255731922399,5.4054305384211,0.000293479547158469,0.0129239696878303,0.0109611464396808,"CCL19/CCL5/CSF1/CXCL12/SERPINE1/SLAMF1",6
"GO:0030098","lymphocyte differentiation","11/135","441/18860",0.0249433106575964,3.48467288149828,4.48302119447658,0.000335584064983573,0.0145094346641988,0.0123058194929861,"CCL19/CD2/CD3D/CD79A/CTLA4/IL2RG/INPP5D/IRF4/SLAMF1/VCAM1/ZBTB16",11
"GO:0061448","connective tissue development","9/135","307/18860",0.0293159609120521,4.09554831704669,4.64317448110088,0.000371682887207966,0.0157832483175097,0.0133861731558358,"COL1A1/COL3A1/CSF1/CTSK/LUM/PRRX1/SFRP2/SLC26A2/ZBTB16",9
"GO:0048247","lymphocyte chemotaxis","4/135","48/18860",0.0833333333333333,11.641975308642,6.26816877883822,0.000382715107002362,0.0159666056921336,0.0135416831951344,"CCL5/CXCL12/PIK3CG/SAA1",4
"GO:0033628","regulation of cell adhesion mediated by integrin","4/135","49/18860",0.0816326530612245,11.4043839758125,6.19189768092972,0.000414438016986233,0.016703959396496,0.0141670515708407,"CCL5/PIK3CG/SERPINE1/SFRP2",4
"GO:0097028","dendritic cell differentiation","4/135","49/18860",0.0816326530612245,11.4043839758125,6.19189768092972,0.000414438016986233,0.016703959396496,0.0141670515708407,"CCL19/IRF4/TMEM176A/UBD",4
"GO:0010759","positive regulation of macrophage chemotaxis","3/135","21/18860",0.142857142857143,19.957671957672,7.38041919365138,0.00043405629329176,0.0172030977574634,0.0145903834727546,"CCL5/CSF1/SLAMF1",3
"GO:0042129","regulation of T cell proliferation","7/135","192/18860",0.0364583333333333,5.09336419753086,4.84058004665307,0.000469580695424387,0.0183059490773638,0.0155257396450928,"CCL19/CCL5/CTLA4/HLA-DPB1/PRKCQ/SLAMF1/VCAM1",7
"GO:0071622","regulation of granulocyte chemotaxis","4/135","53/18860",0.0754716981132075,10.5436757512229,5.90757371501736,0.000560263823218166,0.0214888285744,0.0182252204632599,"CCL19/CCL5/CSF1/SLAMF1",4
"GO:0090026","positive regulation of monocyte chemotaxis","3/135","23/18860",0.130434782608696,18.2222222222222,7.0171787439951,0.000571962354021289,0.0215893091724226,0.0183104406065963,"CCL5/CXCL12/SERPINE1",3
"GO:0007409","axonogenesis","11/135","472/18860",0.0233050847457627,3.25580665411174,4.21425612302555,0.000592484408074984,0.0220144987875361,0.0186710547018367,"APBB1/COBL/CXCL12/DCLK1/FLRT2/LAMA2/MYH10/PLPPR4/PRKCQ/ROBO2/THY1",11
"GO:0048260","positive regulation of receptor-mediated endocytosis","4/135","54/18860",0.0740740740740741,10.3484224965706,5.84120296782165,0.000601754336182069,0.0220149509452455,0.0186714381882566,"APLNR/CCL19/SERPINE1/SFRP4",4
"GO:0050921","positive regulation of chemotaxis","6/135","145/18860",0.0413793103448276,5.78084291187739,4.90691867975951,0.00062021344132992,0.0223464782345841,0.0189526148897628,"CCL19/CCL5/CSF1/CXCL12/SERPINE1/SLAMF1",6
"GO:0071677","positive regulation of mononuclear cell migration","5/135","98/18860",0.0510204081632653,7.12773998488284,5.16403410917635,0.000695387106601911,0.0246810528283484,0.0209326268067441,"CCL5/CSF1/CXCL12/SERPINE1/SLAMF1",5
"GO:2000107","negative regulation of leukocyte apoptotic process","4/135","58/18860",0.0689655172413793,9.63473818646232,5.59211955630887,0.000789671023686542,0.0275662821864002,0.0233796629937332,"CCL19/CCL5/CXCL12/PRKCQ",4
"GO:0050671","positive regulation of lymphocyte proliferation","6/135","153/18860",0.0392156862745098,5.47857661583152,4.72279344483595,0.000821700089764185,0.0275662821864002,0.0233796629937332,"CCL19/CCL5/HLA-DPB1/PRKCQ/SLAMF1/VCAM1",6
"GO:0050852","T cell receptor signaling pathway","6/135","153/18860",0.0392156862745098,5.47857661583152,4.72279344483595,0.000821700089764185,0.0275662821864002,0.0233796629937332,"CD3D/CTLA4/HLA-DPB1/INPP5D/LCP2/THY1",6
"GO:0022409","positive regulation of cell-cell adhesion","9/135","343/18860",0.0262390670553936,3.66569484936832,4.23045890752501,0.000823047113218844,0.0275662821864002,0.0233796629937332,"CCL19/CCL5/HLA-DPB1/IL2RG/PRKCQ/SLAMF1/THY1/VCAM1/ZBTB16",9
"GO:0050920","regulation of chemotaxis","7/135","214/18860",0.0327102803738318,4.56974731741087,4.45930136978054,0.00089172369643126,0.0294516520849102,0.0249786930169926,"CCL19/CCL5/CSF1/CXCL12/ROBO2/SERPINE1/SLAMF1",7
"GO:0034113","heterotypic cell-cell adhesion","4/135","61/18860",0.0655737704918033,9.16089860352156,5.42064326129943,0.000955369572411269,0.0311214910026575,0.0263949257496754,"CD2/ITGB7/THY1/VCAM1",4
"GO:1905523","positive regulation of macrophage migration","3/135","28/18860",0.107142857142857,14.968253968254,6.28041318873923,0.001030722479119,0.0330848766555462,0.0280601229126761,"CCL5/CSF1/SLAMF1",3
"GO:1901888","regulation of cell junction assembly","8/135","285/18860",0.0280701754385965,3.92150747238467,4.21968781302419,0.00104346751436752,0.0330848766555462,0.0280601229126761,"APLNR/CORO1C/FAM107A/FLRT2/LRRTM4/MUSK/ROBO2/THY1",8
"GO:0010818","T cell chemotaxis","3/135","29/18860",0.103448275862069,14.4521072796935,6.15556512875578,0.00114366385451845,0.0357846400795379,0.0303498607376365,"CCL5/CXCL12/PIK3CG",3
"GO:0045619","regulation of lymphocyte differentiation","7/135","227/18860",0.0308370044052863,4.30804372654593,4.25753355499202,0.00125546728955264,0.0385394815960242,0.0326863116896031,"CCL19/CD2/CTLA4/IL2RG/INPP5D/IRF4/ZBTB16",7
"GO:0010758","regulation of macrophage chemotaxis","3/135","30/18860",0.1,13.9703703703704,6.0367493810869,0.00126412092703528,0.0385394815960242,0.0326863116896031,"CCL5/CSF1/SLAMF1",3
"GO:0010810","regulation of cell-substrate adhesion","7/135","230/18860",0.0304347826086957,4.25185185185185,4.21311723082621,0.00135393207196647,0.0407550692042565,0.0345654077266856,"ABI3BP/COL1A1/CORO1C/CSF1/FAM107A/SERPINE1/THY1",7
"GO:0002685","regulation of leukocyte migration","7/135","233/18860",0.0300429184549356,4.19710697822286,4.1694519471535,0.00145834078734717,0.0427567684861639,0.0362630996500774,"CCL19/CCL5/CSF1/CXCL12/SERPINE1/SLAMF1/THY1",7
"GO:0032963","collagen metabolic process","5/135","116/18860",0.0431034482758621,6.02171136653895,4.60643455339256,0.00148259236888246,0.0427567684861639,0.0362630996500774,"COL1A1/CTSK/FAP/PCOLCE/TGFB3",5
"GO:0010812","negative regulation of cell-substrate adhesion","4/135","69/18860",0.0579710144927536,8.09876543209876,5.01588679507833,0.00151445518078867,0.0427567684861639,0.0362630996500774,"COL1A1/CORO1C/FAM107A/SERPINE1",4
"GO:0035904","aorta development","4/135","69/18860",0.0579710144927536,8.09876543209876,5.01588679507833,0.00151445518078867,0.0427567684861639,0.0362630996500774,"APLNR/COL3A1/MYH10/ROBO2",4
"GO:0050901","leukocyte tethering or rolling","3/135","32/18860",0.09375,13.0972222222222,5.81532316764853,0.00152831174151553,0.0427567684861639,0.0362630996500774,"CXCL12/ITGB7/VCAM1",3
"GO:0090025","regulation of monocyte chemotaxis","3/135","32/18860",0.09375,13.0972222222222,5.81532316764853,0.00152831174151553,0.0427567684861639,0.0362630996500774,"CCL5/CXCL12/SERPINE1",3
"GO:0060840","artery development","5/135","119/18860",0.0420168067226891,5.86990351696234,4.52493931016544,0.00165973903696471,0.0457122065665924,0.0387696816349835,"APLNR/COL3A1/MYH10/PRRX1/ROBO2",5
"GO:0060325","face morphogenesis","3/135","33/18860",0.0909090909090909,12.7003367003367,5.71189308271354,0.0016723978012168,0.0457122065665924,0.0387696816349835,"COL1A1/CRISPLD2/TGFB3",3
"GO:0002825","regulation of T-helper 1 type immune response","3/135","34/18860",0.0882352941176471,12.3267973856209,5.61284261312693,0.00182470434319717,0.048408327655037,0.041056330302798,"CCL19/IL1RL1/SLAMF1",3
"GO:0032609","type II interferon production","5/135","122/18860",0.040983606557377,5.72556162720097,4.44617989606192,0.00185196348159712,0.048408327655037,0.041056330302798,"CD2/CD96/HLA-DPB1/IL1RL1/SLAMF1",5
"GO:0032649","regulation of type II interferon production","5/135","122/18860",0.040983606557377,5.72556162720097,4.44617989606192,0.00185196348159712,0.048408327655037,0.041056330302798,"CD2/CD96/HLA-DPB1/IL1RL1/SLAMF1",5
"GO:0007596","blood coagulation","7/135","243/18860",0.0288065843621399,4.02438652644414,4.02903354598921,0.00185246333751403,0.048408327655037,0.041056330302798,"COL3A1/F2RL2/FAP/PIK3CG/PRKCQ/SAA1/SERPINE1",7
